{
  "no_multivar_no_diversity": {
    "aggregate": {
      "NDCG@1": 0.408234126984127,
      "P@1": 0.7395833333333334,
      "R@1": 0.04357414117959779,
      "NDCG@3": 0.4642063884690825,
      "P@3": 0.763888888888889,
      "R@3": 0.14029387821715616,
      "NDCG@5": 0.4937613105869118,
      "P@5": 0.7583333333333334,
      "R@5": 0.23318395839196926,
      "NDCG@10": 0.5676359922901423,
      "P@10": 0.7468750000000001,
      "R@10": 0.4456762135675642,
      "NDCG@20": 0.6869260550420219,
      "P@20": 0.7427083333333333,
      "R@20": 0.875,
      "AP": 0.7715627130215211,
      "RR": 0.7777384165542062,
      "MAP": 0.7715627130215209,
      "MRR": 0.7777384165542061
    },
    "per_language": {
      "id": {
        "NDCG@1": 0.47428571428571425,
        "P@1": 0.8,
        "R@1": 0.045072239422084624,
        "NDCG@3": 0.5173734307685894,
        "P@3": 0.8200000000000002,
        "R@3": 0.145655314757482,
        "NDCG@5": 0.5362163485345341,
        "P@5": 0.8000000000000002,
        "R@5": 0.22555211558307536,
        "NDCG@10": 0.5996004291161183,
        "P@10": 0.796,
        "R@10": 0.43049019607843136,
        "NDCG@20": 0.7222765159694731,
        "P@20": 0.7979999999999999,
        "R@20": 0.88,
        "AP": 0.8165559220106015,
        "RR": 0.8315384615384616,
        "MAP": 0.8165559220106015,
        "MRR": 0.8315384615384616
      },
      "en": {
        "NDCG@1": 0.27891156462585037,
        "P@1": 0.6190476190476191,
        "R@1": 0.046517809675704416,
        "NDCG@3": 0.359574066222119,
        "P@3": 0.6190476190476192,
        "R@3": 0.14748993696362117,
        "NDCG@5": 0.40624166184959715,
        "P@5": 0.6285714285714286,
        "R@5": 0.2802080959975697,
        "NDCG@10": 0.5215821374514484,
        "P@10": 0.6238095238095237,
        "R@10": 0.5445431761221234,
        "NDCG@20": 0.617045561693896,
        "P@20": 0.5857142857142856,
        "R@20": 0.9047619047619048,
        "AP": 0.6640086012860054,
        "RR": 0.6682539682539682,
        "MAP": 0.6640086012860054,
        "MRR": 0.6682539682539682
      },
      "mixed": {
        "NDCG@1": 0.2952380952380952,
        "P@1": 0.7333333333333333,
        "R@1": 0.0368421052631579,
        "NDCG@3": 0.35797943295238216,
        "P@3": 0.7333333333333333,
        "R@3": 0.11052631578947365,
        "NDCG@5": 0.4166595515589021,
        "P@5": 0.7333333333333333,
        "R@5": 0.18421052631578946,
        "NDCG@10": 0.5060851496501183,
        "P@10": 0.7333333333333333,
        "R@10": 0.3684210526315789,
        "NDCG@20": 0.6200253139626303,
        "P@20": 0.7333333333333333,
        "R@20": 0.8,
        "AP": 0.7362870626859547,
        "RR": 0.7368421052631579,
        "MAP": 0.7362870626859547,
        "MRR": 0.7368421052631579
      },
      "ar": {
        "NDCG@1": 0.5190476190476191,
        "P@1": 0.7,
        "R@1": 0.039999999999999994,
        "NDCG@3": 0.5774394869652216,
        "P@3": 0.8333333333333334,
        "R@3": 0.14302631578947364,
        "NDCG@5": 0.5809300217391755,
        "P@5": 0.86,
        "R@5": 0.24605263157894736,
        "NDCG@10": 0.5968531672815549,
        "P@10": 0.78,
        "R@10": 0.4298684210526316,
        "NDCG@20": 0.7572738980549161,
        "P@20": 0.8099999999999999,
        "R@20": 0.9,
        "AP": 0.8253737782240511,
        "RR": 0.8,
        "MAP": 0.8253737782240511,
        "MRR": 0.8
      }
    }
  },
  "no_multivar_no_bookpenalty": {
    "aggregate": {
      "NDCG@1": 0.4657738095238097,
      "P@1": 0.7604166666666666,
      "R@1": 0.055599756433009094,
      "NDCG@3": 0.47774459659635893,
      "P@3": 0.7708333333333335,
      "R@3": 0.1478038047854709,
      "NDCG@5": 0.5051572117017827,
      "P@5": 0.7687499999999999,
      "R@5": 0.24614342763288197,
      "NDCG@10": 0.5907661077266203,
      "P@10": 0.7614583333333336,
      "R@10": 0.472639758654658,
      "NDCG@20": 0.7049664815010659,
      "P@20": 0.7479166666666667,
      "R@20": 0.8854166666666666,
      "AP": 0.7892434190266103,
      "RR": 0.7958673747276689,
      "MAP": 0.7892434190266107,
      "MRR": 0.7958673747276688
    },
    "per_language": {
      "id": {
        "NDCG@1": 0.5495238095238093,
        "P@1": 0.82,
        "R@1": 0.0654211229946524,
        "NDCG@3": 0.5409175547653277,
        "P@3": 0.8133333333333335,
        "R@3": 0.15018681396003383,
        "NDCG@5": 0.5493319883616228,
        "P@5": 0.812,
        "R@5": 0.2463161412890515,
        "NDCG@10": 0.6356218155559517,
        "P@10": 0.812,
        "R@10": 0.4837183366169434,
        "NDCG@20": 0.7495743547594326,
        "P@20": 0.8009999999999999,
        "R@20": 0.92,
        "AP": 0.8396714179276075,
        "RR": 0.8473986928104577,
        "MAP": 0.8396714179276076,
        "MRR": 0.8473986928104575
      },
      "en": {
        "NDCG@1": 0.38095238095238093,
        "P@1": 0.6666666666666666,
        "R@1": 0.053240740740740755,
        "NDCG@3": 0.3983280466626787,
        "P@3": 0.6666666666666667,
        "R@3": 0.17162698412698413,
        "NDCG@5": 0.4345144970562983,
        "P@5": 0.6571428571428571,
        "R@5": 0.29398148148148145,
        "NDCG@10": 0.5425135376875202,
        "P@10": 0.6285714285714286,
        "R@10": 0.5257936507936508,
        "NDCG@20": 0.6371758023571095,
        "P@20": 0.5999999999999999,
        "R@20": 0.8571428571428571,
        "AP": 0.6824236852917623,
        "RR": 0.7119047619047619,
        "MAP": 0.6824236852917623,
        "MRR": 0.7119047619047618
      },
      "mixed": {
        "NDCG@1": 0.28888888888888886,
        "P@1": 0.7333333333333333,
        "R@1": 0.0368421052631579,
        "NDCG@3": 0.3445119884402767,
        "P@3": 0.7333333333333333,
        "R@3": 0.11052631578947365,
        "NDCG@5": 0.4138351313599636,
        "P@5": 0.7333333333333333,
        "R@5": 0.18421052631578946,
        "NDCG@10": 0.5010091719982215,
        "P@10": 0.7333333333333333,
        "R@10": 0.3684210526315789,
        "NDCG@20": 0.6030858002602529,
        "P@20": 0.73,
        "R@20": 0.7333333333333333,
        "AP": 0.7329732225300093,
        "RR": 0.7333333333333333,
        "MAP": 0.7329732225300093,
        "MRR": 0.7333333333333333
      },
      "ar": {
        "NDCG@1": 0.4904761904761905,
        "P@1": 0.7,
        "R@1": 0.03958333333333333,
        "NDCG@3": 0.5285034728463691,
        "P@3": 0.8333333333333334,
        "R@3": 0.14177631578947367,
        "NDCG@5": 0.5696161496708281,
        "P@5": 0.8399999999999999,
        "R@5": 0.23771929824561405,
        "NDCG@10": 0.6024533692546716,
        "P@10": 0.8300000000000001,
        "R@10": 0.4619517543859649,
        "NDCG@20": 0.777108563272759,
        "P@20": 0.825,
        "R@20": 1.0,
        "AP": 0.8458301601097092,
        "RR": 0.8083333333333332,
        "MAP": 0.8458301601097095,
        "MRR": 0.8083333333333333
      }
    }
  },
  "kitchen_sink": {
    "aggregate": {
      "NDCG@1": 0.4637896825396828,
      "P@1": 0.7604166666666666,
      "R@1": 0.05820392309967575,
      "NDCG@3": 0.48145184119050993,
      "P@3": 0.7708333333333335,
      "R@3": 0.15285430983597595,
      "NDCG@5": 0.5132423643224661,
      "P@5": 0.7687499999999999,
      "R@5": 0.25285112965308404,
      "NDCG@10": 0.593398507403456,
      "P@10": 0.7593750000000002,
      "R@10": 0.4703195281634717,
      "NDCG@20": 0.7008261063596394,
      "P@20": 0.7447916666666666,
      "R@20": 0.8645833333333334,
      "AP": 0.7902675308507883,
      "RR": 0.7935938958916902,
      "MAP": 0.7902675308507884,
      "MRR": 0.79359389589169
    },
    "per_language": {
      "id": {
        "NDCG@1": 0.5457142857142856,
        "P@1": 0.82,
        "R@1": 0.06535576351752821,
        "NDCG@3": 0.5437194103838164,
        "P@3": 0.8133333333333335,
        "R@3": 0.149687705225631,
        "NDCG@5": 0.5569332515886933,
        "P@5": 0.812,
        "R@5": 0.24553479844888515,
        "NDCG@10": 0.635087411949485,
        "P@10": 0.81,