{
  "aggregate": {
    "NDCG@1": 0.40624999999999994,
    "P@1": 0.7395833333333334,
    "R@1": 0.04270608562404224,
    "NDCG@3": 0.4615285860118565,
    "P@3": 0.763888888888889,
    "R@3": 0.14004586234414032,
    "NDCG@5": 0.488115903551763,
    "P@5": 0.7583333333333334,
    "R@5": 0.22921570442371528,
    "NDCG@10": 0.5593453563253094,
    "P@10": 0.7468750000000001,
    "R@10": 0.4371196659485166,
    "NDCG@20": 0.6872375799890479,
    "P@20": 0.7458333333333332,
    "R@20": 0.8854166666666666,
    "AP": 0.7714606286619451,
    "RR": 0.7786001036001037,
    "MAP": 0.7714606286619451,
    "MRR": 0.7786001036001036
  },
  "per_language": {
    "id": {
      "NDCG@1": 0.4704761904761904,
      "P@1": 0.8,
      "R@1": 0.045072239422084624,
      "NDCG@3": 0.5122320500507155,
      "P@3": 0.8200000000000002,
      "R@3": 0.14851245761462487,
      "NDCG@5": 0.5292711740395529,
      "P@5": 0.8000000000000002,
      "R@5": 0.22793306796402774,
      "NDCG@10": 0.5915725254183696,
      "P@10": 0.796,
      "R@10": 0.4323949579831933,
      "NDCG@20": 0.7175871322530919,
      "P@20": 0.7980000000000002,
      "R@20": 0.88,
      "AP": 0.8170669820700333,
      "RR": 0.8315384615384616,
      "MAP": 0.8170669820700331,
      "MRR": 0.8315384615384616
    },
    "en": {
      "NDCG@1": 0.27891156462585037,
      "P@1": 0.6190476190476191,
      "R@1": 0.042549555707450455,
      "NDCG@3": 0.359574066222119,
      "P@3": 0.6190476190476192,
      "R@3": 0.13955342902711323,
      "NDCG@5": 0.39697021658172943,
      "P@5": 0.6285714285714286,
      "R@5": 0.25639857218804585,
      "NDCG@10": 0.5048770095537861,
      "P@10": 0.6238095238095237,
      "R@10": 0.5008923824713298,
      "NDCG@20": 0.6160035405336948,
      "P@20": 0.5976190476190476,
      "R@20": 0.9047619047619048,
      "AP": 0.6563176774130823,
      "RR": 0.667989417989418,
      "MAP": 0.6563176774130823,
      "MRR": 0.667989417989418
    },
    "mixed": {
      "NDCG@1": 0.2952380952380952,
      "P@1": 0.7333333333333333,
      "R@1": 0.0368421052631579,
      "NDCG@3": 0.35797943295238216,
      "P@3": 0.7333333333333333,
      "R@3": 0.11052631578947365,
      "NDCG@5": 0.4166595515589021,
      "P@5": 0.7333333333333333,
      "R@5": 0.18421052631578946,
      "NDCG@10": 0.5031719375244114,
      "P@10": 0.7333333333333333,
      "R@10": 0.3684210526315789,
      "NDCG@20": 0.6195629447896775,
      "P@20": 0.7333333333333333,
      "R@20": 0.8,
      "AP": 0.7361116240894634,
      "RR": 0.7366666666666667,
      "MAP": 0.7361116240894634,
      "MRR": 0.7366666666666667
    },
    "ar": {
      "NDCG@1": 0.5190476190476191,
      "P@1": 0.7,
      "R@1": 0.039999999999999994,
      "NDCG@3": 0.5774394869652216,
      "P@3": 0.8333333333333334,
      "R@3": 0.14302631578947364,
      "NDCG@5": 0.5809300217391755,
      "P@5": 0.86,
      "R@5": 0.24605263157894736,
      "NDCG@10": 0.5968531672815549,
      "P@10": 0.78,
      "R@10": 0.4298684210526316,
      "NDCG@20": 0.7865932543241243,
      "P@20": 0.82,
      "R@20": 1.0,
      "AP": 0.838252566102839,
      "RR": 0.809090909090909,
      "MAP": 0.838252566102839,
      "MRR": 0.8090909090909092
    }
  },
  "per_domain": {
    "ibadah": {
      "NDCG@1": 0.42132505175983426,
      "P@1": 0.7608695652173914,
      "R@1": 0.03804347826086958,
      "NDCG@3": 0.4877804811881062,
      "P@3": 0.7898550724637682,
      "R@3": 0.1308229813664597,
      "NDCG@5": 0.5168240594685672,
      "P@5": 0.7913043478260867,
      "R@5": 0.21273291925465837,
      "NDCG@10": 0.5923698559098507,
      "P@10": 0.7869565217391304,
      "R@10": 0.4305124223602485,
      "NDCG@20": 0.7052365187894812,
      "P@20": 0.791304347826087,
      "R@20": 0.8695652173913043,
      "AP": 0.7976462014091454,
      "RR": 0.7969806763285024,
      "MAP": 0.7976462014091454,
      "MRR": 0.7969806763285024
    },
    "muamalat": {
      "NDCG@1": 0.3498964803312629,
      "P@1": 0.7391304347826086,
      "R@1": 0.04994799251092158,
      "NDCG@3": 0.3847420742838437,
      "P@3": 0.7246376811594202,
      "R@3": 0.13897441231537339,
      "NDCG@5": 0.4195926676398245,
      "P@5": 0.7217391304347827,
      "R@5": 0.23162402052562236,
      "NDCG@10": 0.48906628929436696,
      "P@10": 0.6869565217391305,
      "R@10": 0.42846543235559253,
      "NDCG@20": 0.643067509879984,
      "P@20": 0.6659420289855071,
      "R@20": 0.9130434782608695,
      "AP": 0.7243568520968434,
      "RR": 0.7594709638187899,
      "MAP": 0.7243568520968432,
      "MRR": 0.7594709638187899
    },
    "munakahat": {
      "NDCG@1": 0.48459383753501406,
      "P@1": 0.8823529411764706,
      "R@1": 0.04711649365628606,
      "NDCG@3": 0.5140130269830546,
      "P@3": 0.9019607843137255,
      "R@3": 0.14263947064894067,
      "NDCG@5": 0.5180513169141989,
      "P@5": 0.8705882352941177,
      "R@5": 0.2263400716323681,
      "NDCG@10": 0.6037331672756631,
      "P@10": 0.888235294117647,
      "R@10": 0.46558004006556186,
      "NDCG@20": 0.7631230233949478,
      "P@20": 0.8970588235294118,
      "R@20": 0.9411764705882353,
      "AP": 0.8961724417047805,
      "RR": 0.9117647058823529,
      "MAP": 0.8961724417047806,
      "MRR": 0.9117647058823529
    },
    "aqidah": {
      "NDCG@1": 0.3333333333333333,
      "P@1": 0.4,
      "R@1": 0.039999999999999994,
      "NDCG@3": 0.4281552955245007,
      "P@3": 0.5000000000000001,
      "R@3": 0.1805263157894737,
      "NDCG@5": 0.4627716262157816,
      "P@5": 0.5,
      "R@5": 0.30438596491228076,
      "NDCG@10": 0.4936152337919852,
      "P@10": 0.4600000000000001,
      "R@10": 0.4390350877192982,
      "NDCG@20": 0.5770283689678729,
      "P@20": 0.4683333333333334,
      "R@20": 0.8,
      "AP": 0.5473355979517377,
      "RR": 0.5116666666666667,
      "MAP": 0.5473355979517377,
      "MRR": 0.5116666666666666
    }
  }
}